command,mean,stddev,median,user,system,min,max
"../build/aqp_middleware --engine=duckdb     --db=""/home/pei/Project/duckdb_010/measure/imdb.db""     --schema=/home/pei/Project/benchmarks/imdb_job-postgres/schema.sql     --fkeys=/home/pei/Project/benchmarks/imdb_job-postgres/fkeys.sql     --split=relationshipcenter --no-analyze /home/pei/Project/benchmarks/imdb_job-postgres/queries/10a.sql",0.5122885565,0.010564811261499444,0.5090593832000001,0.46852647999999986,0.04362364,0.5065356772,0.5420480072
command,mean,stddev,median,user,system,min,max
"../build/aqp_middleware --engine=duckdb     --db=""/home/pei/Project/duckdb_010/measure/imdb.db""     --schema=/home/pei/Project/benchmarks/imdb_job-postgres/schema.sql     --fkeys=/home/pei/Project/benchmarks/imdb_job-postgres/fkeys.sql     --split=relationshipcenter --no-analyze /home/pei/Project/benchmarks/imdb_job-postgres/queries/10b.sql",0.40335443464000004,0.0026608747761153154,0.40373405124000006,0.35612052000000005,0.04711942,0.39930730874000003,0.40700871374
command,mean,stddev,median,user,system,min,max
"../build/aqp_middleware --engine=duckdb     --db=""/home/pei/Project/duckdb_010/measure/imdb.db""     --schema=/home/pei/Project/benchmarks/imdb_job-postgres/schema.sql     --fkeys=/home/pei/Project/benchmarks/imdb_job-postgres/fkeys.sql     --split=relationshipcenter --no-analyze /home/pei/Project/benchmarks/imdb_job-postgres/queries/10c.sql",1.1952260455000001,0.008024153349613974,1.1936590923000001,1.11333848,0.08172267999999999,1.1870080743,1.2093413283
command,mean,stddev,median,user,system,min,max
"../build/aqp_middleware --engine=duckdb     --db=""/home/pei/Project/duckdb_010/measure/imdb.db""     --schema=/home/pei/Project/benchmarks/imdb_job-postgres/schema.sql     --fkeys=/home/pei/Project/benchmarks/imdb_job-postgres/fkeys.sql     --split=relationshipcenter --no-analyze /home/pei/Project/benchmarks/imdb_job-postgres/queries/11a.sql",0.06723548524000002,0.0007355656672600935,0.06735968144000001,0.05522657999999999,0.01187704,0.06623059594000001,0.06830166194000001
command,mean,stddev,median,user,system,min,max
"../build/aqp_middleware --engine=duckdb     --db=""/home/pei/Project/duckdb_010/measure/imdb.db""     --schema=/home/pei/Project/benchmarks/imdb_job-postgres/schema.sql     --fkeys=/home/pei/Project/benchmarks/imdb_job-postgres/fkeys.sql     --split=relationshipcenter --no-analyze /home/pei/Project/benchmarks/imdb_job-postgres/queries/11b.sql",0.09268386108000001,0.0009189235606179917,0.09245327288,0.07939282,0.013176219999999999,0.09173171688000001,0.09500549488000001
command,mean,stddev,median,user,system,min,max
"../build/aqp_middleware --engine=duckdb     --db=""/home/pei/Project/duckdb_010/measure/imdb.db""     --schema=/home/pei/Project/benchmarks/imdb_job-postgres/schema.sql     --fkeys=/home/pei/Project/benchmarks/imdb_job-postgres/fkeys.sql     --split=relationshipcenter --no-analyze /home/pei/Project/benchmarks/imdb_job-postgres/queries/11c.sql",0.0692219597,0.0005031939496537086,0.0692309766,0.055516619999999996,0.013572319999999999,0.0685215216,0.0700333676
command,mean,stddev,median,user,system,min,max
"../build/aqp_middleware --engine=duckdb     --db=""/home/pei/Project/duckdb_010/measure/imdb.db""     --schema=/home/pei/Project/benchmarks/imdb_job-postgres/schema.sql     --fkeys=/home/pei/Project/benchmarks/imdb_job-postgres/fkeys.sql     --split=relationshipcenter --no-analyze /home/pei/Project/benchmarks/imdb_job-postgres/queries/11d.sql",0.08525912594,0.0009544230657703338,0.08528619494,0.0721282,0.012982279999999999,0.08417541694000001,0.08714363394
command,mean,stddev,median,user,system,min,max
"../build/aqp_middleware --engine=duckdb     --db=""/home/pei/Project/duckdb_010/measure/imdb.db""     --schema=/home/pei/Project/benchmarks/imdb_job-postgres/schema.sql     --fkeys=/home/pei/Project/benchmarks/imdb_job-postgres/fkeys.sql     --split=relationshipcenter --no-analyze /home/pei/Project/benchmarks/imdb_job-postgres/queries/12a.sql",0.24225606352,0.0021846465549193138,0.24227466632,0.2095218,0.032606079999999996,0.23922311732,0.24526488132
command,mean,stddev,median,user,system,min,max
"../build/aqp_middleware --engine=duckdb     --db=""/home/pei/Project/duckdb_010/measure/imdb.db""     --schema=/home/pei/Project/benchmarks/imdb_job-postgres/schema.sql     --fkeys=/home/pei/Project/benchmarks/imdb_job-postgres/fkeys.sql     --split=relationshipcenter --no-analyze /home/pei/Project/benchmarks/imdb_job-postgres/queries/12b.sql",0.08220795374000002,0.0005354257909005097,0.08208937584,0.06397467999999999,0.01810156,0.08130087884000001,0.08320164584000002
command,mean,stddev,median,user,system,min,max
"../build/aqp_middleware --engine=duckdb     --db=""/home/pei/Project/duckdb_010/measure/imdb.db""     --schema=/home/pei/Project/benchmarks/imdb_job-postgres/schema.sql     --fkeys=/home/pei/Project/benchmarks/imdb_job-postgres/fkeys.sql     --split=relationshipcenter --no-analyze /home/pei/Project/benchmarks/imdb_job-postgres/queries/12c.sql",0.2969416896,0.0033075065452311996,0.29612710970000006,0.26581456,0.03100288,0.29348677070000007,0.30558521270000005
command,mean,stddev,median,user,system,min,max
"../build/aqp_middleware --engine=duckdb     --db=""/home/pei/Project/duckdb_010/measure/imdb.db""     --schema=/home/pei/Project/benchmarks/imdb_job-postgres/schema.sql     --fkeys=/home/pei/Project/benchmarks/imdb_job-postgres/fkeys.sql     --split=relationshipcenter --no-analyze /home/pei/Project/benchmarks/imdb_job-postgres/queries/13a.sql",0.2969653316,0.004083852205416217,0.2958821976,0.26695544,0.029873919999999998,0.29153815510000003,0.3044685331
command,mean,stddev,median,user,system,min,max
"../build/aqp_middleware --engine=duckdb     --db=""/home/pei/Project/duckdb_010/measure/imdb.db""     --schema=/home/pei/Project/benchmarks/imdb_job-postgres/schema.sql     --fkeys=/home/pei/Project/benchmarks/imdb_job-postgres/fkeys.sql     --split=relationshipcenter --no-analyze /home/pei/Project/benchmarks/imdb_job-postgres/queries/13b.sql",0.25613392916000005,0.0011492253880821214,0.25578518756,0.23380135999999996,0.022220516000000003,0.25420135956,0.25810418156000003
command,mean,stddev,median,user,system,min,max
"../build/aqp_middleware --engine=duckdb     --db=""/home/pei/Project/duckdb_010/measure/imdb.db""     --schema=/home/pei/Project/benchmarks/imdb_job-postgres/schema.sql     --fkeys=/home/pei/Project/benchmarks/imdb_job-postgres/fkeys.sql     --split=relationshipcenter --no-analyze /home/pei/Project/benchmarks/imdb_job-postgres/queries/13c.sql",0.19905038279999998,0.007250481252831303,0.1960531191,0.17600993999999998,0.022890599999999997,0.1922884126,0.2149846666
command,mean,stddev,median,user,system,min,max
"../build/aqp_middleware --engine=duckdb     --db=""/home/pei/Project/duckdb_010/measure/imdb.db""     --schema=/home/pei/Project/benchmarks/imdb_job-postgres/schema.sql     --fkeys=/home/pei/Project/benchmarks/imdb_job-postgres/fkeys.sql     --split=relationshipcenter --no-analyze /home/pei/Project/benchmarks/imdb_job-postgres/queries/13d.sql",0.41206740983999995,0.003310683755531083,0.4111130364400001,0.37314584,0.038756299999999994,0.40831810794,0.42040576994
command,mean,stddev,median,user,system,min,max
"../build/aqp_middleware --engine=duckdb     --db=""/home/pei/Project/duckdb_010/measure/imdb.db""     --schema=/home/pei/Project/benchmarks/imdb_job-postgres/schema.sql     --fkeys=/home/pei/Project/benchmarks/imdb_job-postgres/fkeys.sql     --split=relationshipcenter --no-analyze /home/pei/Project/benchmarks/imdb_job-postgres/queries/14a.sql",0.17600488296,0.0015069381555477789,0.17606027676000002,0.15120118,0.02467502,0.17318989376000002,0.17815339476000003
command,mean,stddev,median,user,system,min,max
"../build/aqp_middleware --engine=duckdb     --db=""/home/pei/Project/duckdb_010/measure/imdb.db""     --schema=/home/pei/Project/benchmarks/imdb_job-postgres/schema.sql     --fkeys=/home/pei/Project/benchmarks/imdb_job-postgres/fkeys.sql     --split=relationshipcenter --no-analyze /home/pei/Project/benchmarks/imdb_job-postgres/queries/14b.sql",0.14960639557999997,0.0008027919610422172,0.14987778288,0.12979729999999998,0.01967128,0.14795423388,0.15047136288000001
command,mean,stddev,median,user,system,min,max
"../build/aqp_middleware --engine=duckdb     --db=""/home/pei/Project/duckdb_010/measure/imdb.db""     --schema=/home/pei/Project/benchmarks/imdb_job-postgres/schema.sql     --fkeys=/home/pei/Project/benchmarks/imdb_job-postgres/fkeys.sql     --split=relationshipcenter --no-analyze /home/pei/Project/benchmarks/imdb_job-postgres/queries/14c.sql",0.27136669906,0.001399745095890534,0.27186013216000005,0.24045569999999997,0.030751519999999997,0.26909493866,0.27328796466
command,mean,stddev,median,user,system,min,max
"../build/aqp_middleware --engine=duckdb     --db=""/home/pei/Project/duckdb_010/measure/imdb.db""     --schema=/home/pei/Project/benchmarks/imdb_job-postgres/schema.sql     --fkeys=/home/pei/Project/benchmarks/imdb_job-postgres/fkeys.sql     --split=relationshipcenter --no-analyze /home/pei/Project/benchmarks/imdb_job-postgres/queries/15a.sql",0.5331937795400001,0.007785384227452616,0.53239573904,0.47178658,0.06102207999999999,0.52457545654,0.5522457325400001
command,mean,stddev,median,user,system,min,max
"../build/aqp_middleware --engine=duckdb     --db=""/home/pei/Project/duckdb_010/measure/imdb.db""     --schema=/home/pei/Project/benchmarks/imdb_job-postgres/schema.sql     --fkeys=/home/pei/Project/benchmarks/imdb_job-postgres/fkeys.sql     --split=relationshipcenter --no-analyze /home/pei/Project/benchmarks/imdb_job-postgres/queries/15b.sql",0.4055081241800001,0.0031514746892716476,0.40661293718,0.34852491999999996,0.05681364,0.39906249468000005,0.40820632768000004
command,mean,stddev,median,user,system,min,max
"../build/aqp_middleware --engine=duckdb     --db=""/home/pei/Project/duckdb_010/measure/imdb.db""     --schema=/home/pei/Project/benchmarks/imdb_job-postgres/schema.sql     --fkeys=/home/pei/Project/benchmarks/imdb_job-postgres/fkeys.sql     --split=relationshipcenter --no-analyze /home/pei/Project/benchmarks/imdb_job-postgres/queries/15c.sql",0.46341901328000007,0.010788220057318162,0.46104723428000005,0.42233206,0.0409049,0.45607605928,0.49342404928
command,mean,stddev,median,user,system,min,max
"../build/aqp_middleware --engine=duckdb     --db=""/home/pei/Project/duckdb_010/measure/imdb.db""     --schema=/home/pei/Project/benchmarks/imdb_job-postgres/schema.sql     --fkeys=/home/pei/Project/benchmarks/imdb_job-postgres/fkeys.sql     --split=relationshipcenter --no-analyze /home/pei/Project/benchmarks/imdb_job-postgres/queries/15d.sql",0.40534057528000006,0.002158083706709685,0.4056999625800001,0.36966069999999995,0.03555394,0.40060640658,0.40821632158000004
command,mean,stddev,median,user,system,min,max
"../build/aqp_middleware --engine=duckdb     --db=""/home/pei/Project/duckdb_010/measure/imdb.db""     --schema=/home/pei/Project/benchmarks/imdb_job-postgres/schema.sql     --fkeys=/home/pei/Project/benchmarks/imdb_job-postgres/fkeys.sql     --split=relationshipcenter --no-analyze /home/pei/Project/benchmarks/imdb_job-postgres/queries/16a.sql",0.76361577366,0.003105619569791701,0.7634011206600001,0.69680772,0.06666226,0.7584147521600001,0.7688978111600001
command,mean,stddev,median,user,system,min,max
"../build/aqp_middleware --engine=duckdb     --db=""/home/pei/Project/duckdb_010/measure/imdb.db""     --schema=/home/pei/Project/benchmarks/imdb_job-postgres/schema.sql     --fkeys=/home/pei/Project/benchmarks/imdb_job-postgres/fkeys.sql     --split=relationshipcenter --no-analyze /home/pei/Project/benchmarks/imdb_job-postgres/queries/16b.sql",1.22708505728,0.01532042162646237,1.22163359008,1.12442624,0.10249348,1.21089124008,1.25312975008
command,mean,stddev,median,user,system,min,max
"../build/aqp_middleware --engine=duckdb     --db=""/home/pei/Project/duckdb_010/measure/imdb.db""     --schema=/home/pei/Project/benchmarks/imdb_job-postgres/schema.sql     --fkeys=/home/pei/Project/benchmarks/imdb_job-postgres/fkeys.sql     --split=relationshipcenter --no-analyze /home/pei/Project/benchmarks/imdb_job-postgres/queries/16c.sql",2.10000297024,0.014085565517991576,2.0978755056400002,1.9455614799999998,0.15414606,2.07970090914,2.11982151214
command,mean,stddev,median,user,system,min,max
"../build/aqp_middleware --engine=duckdb     --db=""/home/pei/Project/duckdb_010/measure/imdb.db""     --schema=/home/pei/Project/benchmarks/imdb_job-postgres/schema.sql     --fkeys=/home/pei/Project/benchmarks/imdb_job-postgres/fkeys.sql     --split=relationshipcenter --no-analyze /home/pei/Project/benchmarks/imdb_job-postgres/queries/16d.sql",1.84972309726,0.0268470698190256,1.84390219246,1.7103189399999998,0.13911974,1.82453007346,1.91892009646
command,mean,stddev,median,user,system,min,max
"../build/aqp_middleware --engine=duckdb     --db=""/home/pei/Project/duckdb_010/measure/imdb.db""     --schema=/home/pei/Project/benchmarks/imdb_job-postgres/schema.sql     --fkeys=/home/pei/Project/benchmarks/imdb_job-postgres/fkeys.sql     --split=relationshipcenter --no-analyze /home/pei/Project/benchmarks/imdb_job-postgres/queries/17a.sql",0.86051322394,0.007609131491426185,0.8610720116400001,0.78962458,0.07064944,0.8477597051400001,0.8730564491400001
command,mean,stddev,median,user,system,min,max
"../build/aqp_middleware --engine=duckdb     --db=""/home/pei/Project/duckdb_010/measure/imdb.db""     --schema=/home/pei/Project/benchmarks/imdb_job-postgres/schema.sql     --fkeys=/home/pei/Project/benchmarks/imdb_job-postgres/fkeys.sql     --split=relationshipcenter --no-analyze /home/pei/Project/benchmarks/imdb_job-postgres/queries/17b.sql",1.1523754507600001,0.012020975997490519,1.15070188146,1.06110944,0.09110502,1.1284795949600002,1.17220804696
command,mean,stddev,median,user,system,min,max
"../build/aqp_middleware --engine=duckdb     --db=""/home/pei/Project/duckdb_010/measure/imdb.db""     --schema=/home/pei/Project/benchmarks/imdb_job-postgres/schema.sql     --fkeys=/home/pei/Project/benchmarks/imdb_job-postgres/fkeys.sql     --split=relationshipcenter --no-analyze /home/pei/Project/benchmarks/imdb_job-postgres/queries/17c.sql",1.1605712972999997,0.013619792789450766,1.1575310816999997,1.06409414,0.09623982,1.1415736287,1.1817947397
command,mean,stddev,median,user,system,min,max
"../build/aqp_middleware --engine=duckdb     --db=""/home/pei/Project/duckdb_010/measure/imdb.db""     --schema=/home/pei/Project/benchmarks/imdb_job-postgres/schema.sql     --fkeys=/home/pei/Project/benchmarks/imdb_job-postgres/fkeys.sql     --split=relationshipcenter --no-analyze /home/pei/Project/benchmarks/imdb_job-postgres/queries/17d.sql",1.2243737751200001,0.013508932202583531,1.2195181747200001,1.12932016,0.09482301999999998,1.2103006552200002,1.2487992002200001
command,mean,stddev,median,user,system,min,max
"../build/aqp_middleware --engine=duckdb     --db=""/home/pei/Project/duckdb_010/measure/imdb.db""     --schema=/home/pei/Project/benchmarks/imdb_job-postgres/schema.sql     --fkeys=/home/pei/Project/benchmarks/imdb_job-postgres/fkeys.sql     --split=relationshipcenter --no-analyze /home/pei/Project/benchmarks/imdb_job-postgres/queries/17e.sql",1.0072068552,0.015226379593475895,1.0041792921,0.931322,0.07546546,0.9957364846,1.0476674016
command,mean,stddev,median,user,system,min,max
"../build/aqp_middleware --engine=duckdb     --db=""/home/pei/Project/duckdb_010/measure/imdb.db""     --schema=/home/pei/Project/benchmarks/imdb_job-postgres/schema.sql     --fkeys=/home/pei/Project/benchmarks/imdb_job-postgres/fkeys.sql     --split=relationshipcenter --no-analyze /home/pei/Project/benchmarks/imdb_job-postgres/queries/17f.sql",1.24809102358,0.01666008480406588,1.24957325878,1.15263314,0.095208,1.22224307028,1.2820364312799999
command,mean,stddev,median,user,system,min,max
"../build/aqp_middleware --engine=duckdb     --db=""/home/pei/Project/duckdb_010/measure/imdb.db""     --schema=/home/pei/Project/benchmarks/imdb_job-postgres/schema.sql     --fkeys=/home/pei/Project/benchmarks/imdb_job-postgres/fkeys.sql     --split=relationshipcenter --no-analyze /home/pei/Project/benchmarks/imdb_job-postgres/queries/18a.sql",1.1702170048800002,0.013685998564644182,1.16594590008,1.0988308,0.07115025999999999,1.1584756175800002,1.1947944755800002
command,mean,stddev,median,user,system,min,max
"../build/aqp_middleware --engine=duckdb     --db=""/home/pei/Project/duckdb_010/measure/imdb.db""     --schema=/home/pei/Project/benchmarks/imdb_job-postgres/schema.sql     --fkeys=/home/pei/Project/benchmarks/imdb_job-postgres/fkeys.sql     --split=relationshipcenter --no-analyze /home/pei/Project/benchmarks/imdb_job-postgres/queries/18b.sql",1.08570049066,0.009706479672568278,1.0830192460599999,1.0120081799999998,0.0734081,1.07829691306,1.11091664606
command,mean,stddev,median,user,system,min,max
"../build/aqp_middleware --engine=duckdb     --db=""/home/pei/Project/duckdb_010/measure/imdb.db""     --schema=/home/pei/Project/benchmarks/imdb_job-postgres/schema.sql     --fkeys=/home/pei/Project/benchmarks/imdb_job-postgres/fkeys.sql     --split=relationshipcenter --no-analyze /home/pei/Project/benchmarks/imdb_job-postgres/queries/18c.sql",1.0185657602399998,0.022606740556822064,1.01234970054,0.94309774,0.07527959999999999,1.00232528254,1.0783642595399998
command,mean,stddev,median,user,system,min,max
"../build/aqp_middleware --engine=duckdb     --db=""/home/pei/Project/duckdb_010/measure/imdb.db""     --schema=/home/pei/Project/benchmarks/imdb_job-postgres/schema.sql     --fkeys=/home/pei/Project/benchmarks/imdb_job-postgres/fkeys.sql     --split=relationshipcenter --no-analyze /home/pei/Project/benchmarks/imdb_job-postgres/queries/19a.sql",0.85729380538,0.00876521329447118,0.8546031003800001,0.7877840599999999,0.06931593999999999,0.84767067338,0.87196670538
command,mean,stddev,median,user,system,min,max
"../build/aqp_middleware --engine=duckdb     --db=""/home/pei/Project/duckdb_010/measure/imdb.db""     --schema=/home/pei/Project/benchmarks/imdb_job-postgres/schema.sql     --fkeys=/home/pei/Project/benchmarks/imdb_job-postgres/fkeys.sql     --split=relationshipcenter --no-analyze /home/pei/Project/benchmarks/imdb_job-postgres/queries/19b.sql",0.7267200246000002,0.007762729302092745,0.7257012193000001,0.6529118599999999,0.07364876,0.7166838753000001,0.7415253613000001
command,mean,stddev,median,user,system,min,max
"../build/aqp_middleware --engine=duckdb     --db=""/home/pei/Project/duckdb_010/measure/imdb.db""     --schema=/home/pei/Project/benchmarks/imdb_job-postgres/schema.sql     --fkeys=/home/pei/Project/benchmarks/imdb_job-postgres/fkeys.sql     --split=relationshipcenter --no-analyze /home/pei/Project/benchmarks/imdb_job-postgres/queries/19c.sql",0.7067575622200002,0.003723226591680741,0.7054609923200001,0.6581186600000001,0.048388759999999996,0.7024175238200001,0.7142896738200001
command,mean,stddev,median,user,system,min,max
"../build/aqp_middleware --engine=duckdb     --db=""/home/pei/Project/duckdb_010/measure/imdb.db""     --schema=/home/pei/Project/benchmarks/imdb_job-postgres/schema.sql     --fkeys=/home/pei/Project/benchmarks/imdb_job-postgres/fkeys.sql     --split=relationshipcenter --no-analyze /home/pei/Project/benchmarks/imdb_job-postgres/queries/19d.sql",0.71735477154,0.005682524254499257,0.71917434534,0.65885298,0.058323179999999995,0.70889108984,0.7237569808400001
command,mean,stddev,median,user,system,min,max
"../build/aqp_middleware --engine=duckdb     --db=""/home/pei/Project/duckdb_010/measure/imdb.db""     --schema=/home/pei/Project/benchmarks/imdb_job-postgres/schema.sql     --fkeys=/home/pei/Project/benchmarks/imdb_job-postgres/fkeys.sql     --split=relationshipcenter --no-analyze /home/pei/Project/benchmarks/imdb_job-postgres/queries/1a.sql",0.09195853652,0.004571277636720959,0.09051871262,0.07604836,0.01578632,0.08966039612,0.10486395712
command,mean,stddev,median,user,system,min,max
"../build/aqp_middleware --engine=duckdb     --db=""/home/pei/Project/duckdb_010/measure/imdb.db""     --schema=/home/pei/Project/benchmarks/imdb_job-postgres/schema.sql     --fkeys=/home/pei/Project/benchmarks/imdb_job-postgres/fkeys.sql     --split=relationshipcenter --no-analyze /home/pei/Project/benchmarks/imdb_job-postgres/queries/1b.sql",0.0659354803,0.0006780960395911237,0.0657656593,0.052755379999999984,0.013035919999999998,0.0651974048,0.06744267579999999
command,mean,stddev,median,user,system,min,max
"../build/aqp_middleware --engine=duckdb     --db=""/home/pei/Project/duckdb_010/measure/imdb.db""     --schema=/home/pei/Project/benchmarks/imdb_job-postgres/schema.sql     --fkeys=/home/pei/Project/benchmarks/imdb_job-postgres/fkeys.sql     --split=relationshipcenter --no-analyze /home/pei/Project/benchmarks/imdb_job-postgres/queries/1c.sql",0.06400992750000002,0.00037002916631394056,0.06402494110000001,0.05064056,0.013254480000000003,0.0633888046,0.06457245060000001
command,mean,stddev,median,user,system,min,max
"../build/aqp_middleware --engine=duckdb     --db=""/home/pei/Project/duckdb_010/measure/imdb.db""     --schema=/home/pei/Project/benchmarks/imdb_job-postgres/schema.sql     --fkeys=/home/pei/Project/benchmarks/imdb_job-postgres/fkeys.sql     --split=relationshipcenter --no-analyze /home/pei/Project/benchmarks/imdb_job-postgres/queries/1d.sql",0.0705054427,0.0005707143557399029,0.0705953297,0.059190960000000015,0.01121256,0.0693871942,0.07146783620000001
command,mean,stddev,median,user,system,min,max
"../build/aqp_middleware --engine=duckdb     --db=""/home/pei/Project/duckdb_010/measure/imdb.db""     --schema=/home/pei/Project/benchmarks/imdb_job-postgres/schema.sql     --fkeys=/home/pei/Project/benchmarks/imdb_job-postgres/fkeys.sql     --split=relationshipcenter --no-analyze /home/pei/Project/benchmarks/imdb_job-postgres/queries/20a.sql",0.7767407143999999,0.017675281258271003,0.7741910338,0.69607372,0.08053434000000001,0.7605529048,0.8248297278
command,mean,stddev,median,user,system,min,max
"../build/aqp_middleware --engine=duckdb     --db=""/home/pei/Project/duckdb_010/measure/imdb.db""     --schema=/home/pei/Project/benchmarks/imdb_job-postgres/schema.sql     --fkeys=/home/pei/Project/benchmarks/imdb_job-postgres/fkeys.sql     --split=relationshipcenter --no-analyze /home/pei/Project/benchmarks/imdb_job-postgres/queries/20b.sql",0.6594249878999999,0.004795498722620771,0.660327782,0.5832215000000001,0.07605061999999999,0.65087575,0.664417259
command,mean,stddev,median,user,system,min,max
"../build/aqp_middleware --engine=duckdb     --db=""/home/pei/Project/duckdb_010/measure/imdb.db""     --schema=/home/pei/Project/benchmarks/imdb_job-postgres/schema.sql     --fkeys=/home/pei/Project/benchmarks/imdb_job-postgres/fkeys.sql     --split=relationshipcenter --no-analyze /home/pei/Project/benchmarks/imdb_job-postgres/queries/20c.sql",0.7665911559800002,0.003532881639377862,0.7663639982800001,0.69342266,0.07295218,0.76226390878,0.7727469257800001
command,mean,stddev,median,user,system,min,max
"../build/aqp_middleware --engine=duckdb     --db=""/home/pei/Project/duckdb_010/measure/imdb.db""     --schema=/home/pei/Project/benchmarks/imdb_job-postgres/schema.sql     --fkeys=/home/pei/Project/benchmarks/imdb_job-postgres/fkeys.sql     --split=relationshipcenter --no-analyze /home/pei/Project/benchmarks/imdb_job-postgres/queries/21a.sql",0.12090372492000001,0.0008300544402304715,0.12094933552,0.09501122000000001,0.0257595,0.11926166202,0.12203648902
command,mean,stddev,median,user,system,min,max
"../build/aqp_middleware --engine=duckdb     --db=""/home/pei/Project/duckdb_010/measure/imdb.db""     --schema=/home/pei/Project/benchmarks/imdb_job-postgres/schema.sql     --fkeys=/home/pei/Project/benchmarks/imdb_job-postgres/fkeys.sql     --split=relationshipcenter --no-analyze /home/pei/Project/benchmarks/imdb_job-postgres/queries/21b.sql",0.12227745766,0.000501075222071153,0.12218411276,0.09987838,0.02224462,0.12149811276000001,0.12305298576000001
command,mean,stddev,median,user,system,min,max
"../build/aqp_middleware --engine=duckdb     --db=""/home/pei/Project/duckdb_010/measure/imdb.db""     --schema=/home/pei/Project/benchmarks/imdb_job-postgres/schema.sql     --fkeys=/home/pei/Project/benchmarks/imdb_job-postgres/fkeys.sql     --split=relationshipcenter --no-analyze /home/pei/Project/benchmarks/imdb_job-postgres/queries/21c.sql",0.12643006214000002,0.0009828224864406512,0.12644321114,0.09855378,0.027746859999999995,0.12461962964000001,0.12820581964
command,mean,stddev,median,user,system,min,max
"../build/aqp_middleware --engine=duckdb     --db=""/home/pei/Project/duckdb_010/measure/imdb.db""     --schema=/home/pei/Project/benchmarks/imdb_job-postgres/schema.sql     --fkeys=/home/pei/Project/benchmarks/imdb_job-postgres/fkeys.sql     --split=relationshipcenter --no-analyze /home/pei/Project/benchmarks/imdb_job-postgres/queries/22a.sql",0.33481578278000007,0.014781918170929949,0.33091808618000007,0.30440828,0.03024996,0.32344215118,0.37420427318000005
command,mean,stddev,median,user,system,min,max
"../build/aqp_middleware --engine=duckdb     --db=""/home/pei/Project/duckdb_010/measure/imdb.db""     --schema=/home/pei/Project/benchmarks/imdb_job-postgres/schema.sql     --fkeys=/home/pei/Project/benchmarks/imdb_job-postgres/fkeys.sql     --split=relationshipcenter --no-analyze /home/pei/Project/benchmarks/imdb_job-postgres/queries/22b.sql",0.31644416058,0.0029844936401787247,0.31589247168000006,0.2906179,0.02567056,0.31242549168000006,0.32167511368000007
command,mean,stddev,median,user,system,min,max
"../build/aqp_middleware --engine=duckdb     --db=""/home/pei/Project/duckdb_010/measure/imdb.db""     --schema=/home/pei/Project/benchmarks/imdb_job-postgres/schema.sql     --fkeys=/home/pei/Project/benchmarks/imdb_job-postgres/fkeys.sql     --split=relationshipcenter --no-analyze /home/pei/Project/benchmarks/imdb_job-postgres/queries/22c.sql",0.39279141740000006,0.014861740056353216,0.38741691720000004,0.35483696,0.037792179999999995,0.3803414802,0.4261778632
command,mean,stddev,median,user,system,min,max
"../build/aqp_middleware --engine=duckdb     --db=""/home/pei/Project/duckdb_010/measure/imdb.db""     --schema=/home/pei/Project/benchmarks/imdb_job-postgres/schema.sql     --fkeys=/home/pei/Project/benchmarks/imdb_job-postgres/fkeys.sql     --split=relationshipcenter --no-analyze /home/pei/Project/benchmarks/imdb_job-postgres/queries/22d.sql",0.39000590404,0.010423150587982209,0.38464316844,0.35687831999999997,0.032950959999999994,0.38016877694,0.41153332094000006
command,mean,stddev,median,user,system,min,max
"../build/aqp_middleware --engine=duckdb     --db=""/home/pei/Project/duckdb_010/measure/imdb.db""     --schema=/home/pei/Project/benchmarks/imdb_job-postgres/schema.sql     --fkeys=/home/pei/Project/benchmarks/imdb_job-postgres/fkeys.sql     --split=relationshipcenter --no-analyze /home/pei/Project/benchmarks/imdb_job-postgres/queries/23a.sql",0.25392106328,0.009140536298077321,0.25057922398,0.22769847999999998,0.02607486,0.24818642198000002,0.27683911498
command,mean,stddev,median,user,system,min,max
"../build/aqp_middleware --engine=duckdb     --db=""/home/pei/Project/duckdb_010/measure/imdb.db""     --schema=/home/pei/Project/benchmarks/imdb_job-postgres/schema.sql     --fkeys=/home/pei/Project/benchmarks/imdb_job-postgres/fkeys.sql     --split=relationshipcenter --no-analyze /home/pei/Project/benchmarks/imdb_job-postgres/queries/23b.sql",0.3443599374,0.0065126699737167075,0.3421347104,0.29811808,0.04608106,0.3370326334,0.36069319440000003
command,mean,stddev,median,user,system,min,max
"../build/aqp_middleware --engine=duckdb     --db=""/home/pei/Project/duckdb_010/measure/imdb.db""     --schema=/home/pei/Project/benchmarks/imdb_job-postgres/schema.sql     --fkeys=/home/pei/Project/benchmarks/imdb_job-postgres/fkeys.sql     --split=relationshipcenter --no-analyze /home/pei/Project/benchmarks/imdb_job-postgres/queries/23c.sql",0.3167773498,0.00937959896854822,0.3138325777,0.28193622000000007,0.03462543999999999,0.3126864412,0.3433583652
command,mean,stddev,median,user,system,min,max
"../build/aqp_middleware --engine=duckdb     --db=""/home/pei/Project/duckdb_010/measure/imdb.db""     --schema=/home/pei/Project/benchmarks/imdb_job-postgres/schema.sql     --fkeys=/home/pei/Project/benchmarks/imdb_job-postgres/fkeys.sql     --split=relationshipcenter --no-analyze /home/pei/Project/benchmarks/imdb_job-postgres/queries/24a.sql",0.7102388539000002,0.003422938607163224,0.7105580832,0.653515,0.05650527999999999,0.7056202567000001,0.7149951617000001
command,mean,stddev,median,user,system,min,max
"../build/aqp_middleware --engine=duckdb     --db=""/home/pei/Project/duckdb_010/measure/imdb.db""     --schema=/home/pei/Project/benchmarks/imdb_job-postgres/schema.sql     --fkeys=/home/pei/Project/benchmarks/imdb_job-postgres/fkeys.sql     --split=relationshipcenter --no-analyze /home/pei/Project/benchmarks/imdb_job-postgres/queries/24b.sql",0.3998808665000001,0.0035705055848332507,0.39968083560000006,0.366138,0.033605640000000006,0.3950197616000001,0.4058591066000001
command,mean,stddev,median,user,system,min,max
"../build/aqp_middleware --engine=duckdb     --db=""/home/pei/Project/duckdb_010/measure/imdb.db""     --schema=/home/pei/Project/benchmarks/imdb_job-postgres/schema.sql     --fkeys=/home/pei/Project/benchmarks/imdb_job-postgres/fkeys.sql     --split=relationshipcenter --no-analyze /home/pei/Project/benchmarks/imdb_job-postgres/queries/25a.sql",1.29173205144,0.016244512872952723,1.28635299714,1.2014833,0.09019685999999999,1.27808927264,1.33550548764
command,mean,stddev,median,user,system,min,max
"../build/aqp_middleware --engine=duckdb     --db=""/home/pei/Project/duckdb_010/measure/imdb.db""     --schema=/home/pei/Project/benchmarks/imdb_job-postgres/schema.sql     --fkeys=/home/pei/Project/benchmarks/imdb_job-postgres/fkeys.sql     --split=relationshipcenter --no-analyze /home/pei/Project/benchmarks/imdb_job-postgres/queries/25b.sql",1.1250631435599998,0.009132323834394733,1.12560345186,0.9688872,0.15593604,1.1106136518599998,1.1378001148599999
command,mean,stddev,median,user,system,min,max
"../build/aqp_middleware --engine=duckdb     --db=""/home/pei/Project/duckdb_010/measure/imdb.db""     --schema=/home/pei/Project/benchmarks/imdb_job-postgres/schema.sql     --fkeys=/home/pei/Project/benchmarks/imdb_job-postgres/fkeys.sql     --split=relationshipcenter --no-analyze /home/pei/Project/benchmarks/imdb_job-postgres/queries/25c.sql",2.47204710464,0.0225461369068065,2.4672803502400003,2.2870633000000002,0.18456995999999998,2.4458899672400003,2.52790487524
command,mean,stddev,median,user,system,min,max
"../build/aqp_middleware --engine=duckdb     --db=""/home/pei/Project/duckdb_010/measure/imdb.db""     --schema=/home/pei/Project/benchmarks/imdb_job-postgres/schema.sql     --fkeys=/home/pei/Project/benchmarks/imdb_job-postgres/fkeys.sql     --split=relationshipcenter --no-analyze /home/pei/Project/benchmarks/imdb_job-postgres/queries/26a.sql",0.8041877913000001,0.00393213836307291,0.80536282,0.7303687999999999,0.07359323999999999,0.7974940300000001,0.8096109080000001
command,mean,stddev,median,user,system,min,max
"../build/aqp_middleware --engine=duckdb     --db=""/home/pei/Project/duckdb_010/measure/imdb.db""     --schema=/home/pei/Project/benchmarks/imdb_job-postgres/schema.sql     --fkeys=/home/pei/Project/benchmarks/imdb_job-postgres/fkeys.sql     --split=relationshipcenter --no-analyze /home/pei/Project/benchmarks/imdb_job-postgres/queries/26b.sql",0.69191848796,0.004773273632118754,0.6917036969600001,0.62716712,0.06454866,0.68538702596,0.69952572096
command,mean,stddev,median,user,system,min,max
"../build/aqp_middleware --engine=duckdb     --db=""/home/pei/Project/duckdb_010/measure/imdb.db""     --schema=/home/pei/Project/benchmarks/imdb_job-postgres/schema.sql     --fkeys=/home/pei/Project/benchmarks/imdb_job-postgres/fkeys.sql     --split=relationshipcenter --no-analyze /home/pei/Project/benchmarks/imdb_job-postgres/queries/26c.sql",0.74133307614,0.020475612635556088,0.7352320031400001,0.6740857200000001,0.06703139999999999,0.72354418214,0.7921643031400001
command,mean,stddev,median,user,system,min,max
"../build/aqp_middleware --engine=duckdb     --db=""/home/pei/Project/duckdb_010/measure/imdb.db""     --schema=/home/pei/Project/benchmarks/imdb_job-postgres/schema.sql     --fkeys=/home/pei/Project/benchmarks/imdb_job-postgres/fkeys.sql     --split=relationshipcenter --no-analyze /home/pei/Project/benchmarks/imdb_job-postgres/queries/27a.sql",0.12172204028,0.0007194983609242449,0.12187394448,0.09561201999999999,0.025986779999999998,0.12012167698000001,0.12264880598
command,mean,stddev,median,user,system,min,max
"../build/aqp_middleware --engine=duckdb     --db=""/home/pei/Project/duckdb_010/measure/imdb.db""     --schema=/home/pei/Project/benchmarks/imdb_job-postgres/schema.sql     --fkeys=/home/pei/Project/benchmarks/imdb_job-postgres/fkeys.sql     --split=relationshipcenter --no-analyze /home/pei/Project/benchmarks/imdb_job-postgres/queries/27b.sql",0.1145114738,0.0009630220473724307,0.1145268593,0.08875749999999999,0.025621579999999998,0.1130744993,0.1161677003
command,mean,stddev,median,user,system,min,max
"../build/aqp_middleware --engine=duckdb     --db=""/home/pei/Project/duckdb_010/measure/imdb.db""     --schema=/home/pei/Project/benchmarks/imdb_job-postgres/schema.sql     --fkeys=/home/pei/Project/benchmarks/imdb_job-postgres/fkeys.sql     --split=relationshipcenter --no-analyze /home/pei/Project/benchmarks/imdb_job-postgres/queries/27c.sql",0.12471749734000001,0.0006401692002977217,0.12462226034000001,0.09567147999999999,0.028907879999999997,0.12412542084000001,0.12615000884
command,mean,stddev,median,user,system,min,max
"../build/aqp_middleware --engine=duckdb     --db=""/home/pei/Project/duckdb_010/measure/imdb.db""     --schema=/home/pei/Project/benchmarks/imdb_job-postgres/schema.sql     --fkeys=/home/pei/Project/benchmarks/imdb_job-postgres/fkeys.sql     --split=relationshipcenter --no-analyze /home/pei/Project/benchmarks/imdb_job-postgres/queries/28a.sql",0.33642144068,0.005269181283184866,0.33484748578,0.3119689,0.02431284,0.33167050378,0.34969797678000003
command,mean,stddev,median,user,system,min,max
"../build/aqp_middleware --engine=duckdb     --db=""/home/pei/Project/duckdb_010/measure/imdb.db""     --schema=/home/pei/Project/benchmarks/imdb_job-postgres/schema.sql     --fkeys=/home/pei/Project/benchmarks/imdb_job-postgres/fkeys.sql     --split=relationshipcenter --no-analyze /home/pei/Project/benchmarks/imdb_job-postgres/queries/28b.sql",0.31401788960000004,0.0023912078027576063,0.31316371080000005,0.28346644,0.030410979999999997,0.3115635258,0.31984394580000003
command,mean,stddev,median,user,system,min,max
"../build/aqp_middleware --engine=duckdb     --db=""/home/pei/Project/duckdb_010/measure/imdb.db""     --schema=/home/pei/Project/benchmarks/imdb_job-postgres/schema.sql     --fkeys=/home/pei/Project/benchmarks/imdb_job-postgres/fkeys.sql     --split=relationshipcenter --no-analyze /home/pei/Project/benchmarks/imdb_job-postgres/queries/28c.sql",0.32692939422,0.002088743993400247,0.32684829732,0.29200067999999996,0.034778939999999994,0.32347754182,0.33006136382
command,mean,stddev,median,user,system,min,max
"../build/aqp_middleware --engine=duckdb     --db=""/home/pei/Project/duckdb_010/measure/imdb.db""     --schema=/home/pei/Project/benchmarks/imdb_job-postgres/schema.sql     --fkeys=/home/pei/Project/benchmarks/imdb_job-postgres/fkeys.sql     --split=relationshipcenter --no-analyze /home/pei/Project/benchmarks/imdb_job-postgres/queries/29a.sql",0.42316477276000003,0.011578278794284908,0.41840347946,0.36678338,0.056243980000000006,0.41681449396000003,0.45195184396
command,mean,stddev,median,user,system,min,max
"../build/aqp_middleware --engine=duckdb     --db=""/home/pei/Project/duckdb_010/measure/imdb.db""     --schema=/home/pei/Project/benchmarks/imdb_job-postgres/schema.sql     --fkeys=/home/pei/Project/benchmarks/imdb_job-postgres/fkeys.sql     --split=relationshipcenter --no-analyze /home/pei/Project/benchmarks/imdb_job-postgres/queries/29b.sql",0.5369788416200001,0.001651602495435986,0.5370853588200001,0.45972877999999995,0.07710328,0.5344453278200001,0.5397612128200001
command,mean,stddev,median,user,system,min,max
"../build/aqp_middleware --engine=duckdb     --db=""/home/pei/Project/duckdb_010/measure/imdb.db""     --schema=/home/pei/Project/benchmarks/imdb_job-postgres/schema.sql     --fkeys=/home/pei/Project/benchmarks/imdb_job-postgres/fkeys.sql     --split=relationshipcenter --no-analyze /home/pei/Project/benchmarks/imdb_job-postgres/queries/29c.sql",0.77061455702,0.00486656247612232,0.7718431710200001,0.7192464,0.050964999999999996,0.7611984890200001,0.7765835600200001
command,mean,stddev,median,user,system,min,max
"../build/aqp_middleware --engine=duckdb     --db=""/home/pei/Project/duckdb_010/measure/imdb.db""     --schema=/home/pei/Project/benchmarks/imdb_job-postgres/schema.sql     --fkeys=/home/pei/Project/benchmarks/imdb_job-postgres/fkeys.sql     --split=relationshipcenter --no-analyze /home/pei/Project/benchmarks/imdb_job-postgres/queries/2a.sql",0.18634453991999997,0.0012908407505808827,0.18619981642,0.16616764,0.020033099999999998,0.18415396692,0.18836452792
command,mean,stddev,median,user,system,min,max
"../build/aqp_middleware --engine=duckdb     --db=""/home/pei/Project/duckdb_010/measure/imdb.db""     --schema=/home/pei/Project/benchmarks/imdb_job-postgres/schema.sql     --fkeys=/home/pei/Project/benchmarks/imdb_job-postgres/fkeys.sql     --split=relationshipcenter --no-analyze /home/pei/Project/benchmarks/imdb_job-postgres/queries/2b.sql",0.17773093605999998,0.0010031429560331277,0.17779941156,0.15829153999999998,0.01928342,0.17626070206,0.17927037406
command,mean,stddev,median,user,system,min,max
"../build/aqp_middleware --engine=duckdb     --db=""/home/pei/Project/duckdb_010/measure/imdb.db""     --schema=/home/pei/Project/benchmarks/imdb_job-postgres/schema.sql     --fkeys=/home/pei/Project/benchmarks/imdb_job-postgres/fkeys.sql     --split=relationshipcenter --no-analyze /home/pei/Project/benchmarks/imdb_job-postgres/queries/2c.sql",0.05631259322000002,0.000368714478291642,0.05646586932,0.044578759999999995,0.011613518,0.05566764332000001,0.05672359332000001
command,mean,stddev,median,user,system,min,max
"../build/aqp_middleware --engine=duckdb     --db=""/home/pei/Project/duckdb_010/measure/imdb.db""     --schema=/home/pei/Project/benchmarks/imdb_job-postgres/schema.sql     --fkeys=/home/pei/Project/benchmarks/imdb_job-postgres/fkeys.sql     --split=relationshipcenter --no-analyze /home/pei/Project/benchmarks/imdb_job-postgres/queries/2d.sql",0.28513241588000005,0.001315119408977681,0.28516799828000006,0.25477116,0.030208699999999998,0.28258921828000005,0.28697207628000004
command,mean,stddev,median,user,system,min,max
"../build/aqp_middleware --engine=duckdb     --db=""/home/pei/Project/duckdb_010/measure/imdb.db""     --schema=/home/pei/Project/benchmarks/imdb_job-postgres/schema.sql     --fkeys=/home/pei/Project/benchmarks/imdb_job-postgres/fkeys.sql     --split=relationshipcenter --no-analyze /home/pei/Project/benchmarks/imdb_job-postgres/queries/30a.sql",0.9517401793200001,0.013761176858845484,0.94590143052,0.8786209000000001,0.07298912,0.9380383660200001,0.9774553250200001
command,mean,stddev,median,user,system,min,max
"../build/aqp_middleware --engine=duckdb     --db=""/home/pei/Project/duckdb_010/measure/imdb.db""     --schema=/home/pei/Project/benchmarks/imdb_job-postgres/schema.sql     --fkeys=/home/pei/Project/benchmarks/imdb_job-postgres/fkeys.sql     --split=relationshipcenter --no-analyze /home/pei/Project/benchmarks/imdb_job-postgres/queries/30b.sql",0.7670284752400001,0.0022626163482724303,0.76651110424,0.68143832,0.08543766,0.76246676074,0.77101612474
command,mean,stddev,median,user,system,min,max
"../build/aqp_middleware --engine=duckdb     --db=""/home/pei/Project/duckdb_010/measure/imdb.db""     --schema=/home/pei/Project/benchmarks/imdb_job-postgres/schema.sql     --fkeys=/home/pei/Project/benchmarks/imdb_job-postgres/fkeys.sql     --split=relationshipcenter --no-analyze /home/pei/Project/benchmarks/imdb_job-postgres/queries/30c.sql",1.17974593232,0.021351139726027656,1.1750078050200001,1.0830892199999997,0.09642594,1.15029534402,1.20805997202
command,mean,stddev,median,user,system,min,max
"../build/aqp_middleware --engine=duckdb     --db=""/home/pei/Project/duckdb_010/measure/imdb.db""     --schema=/home/pei/Project/benchmarks/imdb_job-postgres/schema.sql     --fkeys=/home/pei/Project/benchmarks/imdb_job-postgres/fkeys.sql     --split=relationshipcenter --no-analyze /home/pei/Project/benchmarks/imdb_job-postgres/queries/31a.sql",1.02059156682,0.008882602598015175,1.02457018502,0.94046246,0.07996698,1.00437526902,1.0294795760200002
command,mean,stddev,median,user,system,min,max
"../build/aqp_middleware --engine=duckdb     --db=""/home/pei/Project/duckdb_010/measure/imdb.db""     --schema=/home/pei/Project/benchmarks/imdb_job-postgres/schema.sql     --fkeys=/home/pei/Project/benchmarks/imdb_job-postgres/fkeys.sql     --split=relationshipcenter --no-analyze /home/pei/Project/benchmarks/imdb_job-postgres/queries/31b.sql",0.5201192864200002,0.005787425354456208,0.5187855949200001,0.44858308,0.07137818,0.5155075704200001,0.5356373104200001
command,mean,stddev,median,user,system,min,max
"../build/aqp_middleware --engine=duckdb     --db=""/home/pei/Project/duckdb_010/measure/imdb.db""     --schema=/home/pei/Project/benchmarks/imdb_job-postgres/schema.sql     --fkeys=/home/pei/Project/benchmarks/imdb_job-postgres/fkeys.sql     --split=relationshipcenter --no-analyze /home/pei/Project/benchmarks/imdb_job-postgres/queries/31c.sql",1.19777130002,0.009882721538107368,1.19371376972,1.1044655399999999,0.09314944,1.18270419072,1.21144084372
command,mean,stddev,median,user,system,min,max
"../build/aqp_middleware --engine=duckdb     --db=""/home/pei/Project/duckdb_010/measure/imdb.db""     --schema=/home/pei/Project/benchmarks/imdb_job-postgres/schema.sql     --fkeys=/home/pei/Project/benchmarks/imdb_job-postgres/fkeys.sql     --split=relationshipcenter --no-analyze /home/pei/Project/benchmarks/imdb_job-postgres/queries/32a.sql",0.14929233288000002,0.0008508036943593012,0.14963267278000003,0.13102910000000004,0.01813784,0.14740833878,0.15003936278000002
command,mean,stddev,median,user,system,min,max
"../build/aqp_middleware --engine=duckdb     --db=""/home/pei/Project/duckdb_010/measure/imdb.db""     --schema=/home/pei/Project/benchmarks/imdb_job-postgres/schema.sql     --fkeys=/home/pei/Project/benchmarks/imdb_job-postgres/fkeys.sql     --split=relationshipcenter --no-analyze /home/pei/Project/benchmarks/imdb_job-postgres/queries/32b.sql",0.16531607860000003,0.0008067138729182199,0.16516209850000002,0.14773426,0.017428739999999998,0.163878265,0.166869973
command,mean,stddev,median,user,system,min,max
"../build/aqp_middleware --engine=duckdb     --db=""/home/pei/Project/duckdb_010/measure/imdb.db""     --schema=/home/pei/Project/benchmarks/imdb_job-postgres/schema.sql     --fkeys=/home/pei/Project/benchmarks/imdb_job-postgres/fkeys.sql     --split=relationshipcenter --no-analyze /home/pei/Project/benchmarks/imdb_job-postgres/queries/33a.sql",0.1360130238,0.000704534364499823,0.1360451353,0.11875843999999999,0.01709668,0.1352183323,0.1373200863
command,mean,stddev,median,user,system,min,max
"../build/aqp_middleware --engine=duckdb     --db=""/home/pei/Project/duckdb_010/measure/imdb.db""     --schema=/home/pei/Project/benchmarks/imdb_job-postgres/schema.sql     --fkeys=/home/pei/Project/benchmarks/imdb_job-postgres/fkeys.sql     --split=relationshipcenter --no-analyze /home/pei/Project/benchmarks/imdb_job-postgres/queries/33b.sql",0.11029133810000002,0.0008711049994003228,0.11032820680000002,0.09152247999999999,0.018607959999999996,0.10865674780000001,0.11180799780000002
command,mean,stddev,median,user,system,min,max
"../build/aqp_middleware --engine=duckdb     --db=""/home/pei/Project/duckdb_010/measure/imdb.db""     --schema=/home/pei/Project/benchmarks/imdb_job-postgres/schema.sql     --fkeys=/home/pei/Project/benchmarks/imdb_job-postgres/fkeys.sql     --split=relationshipcenter --no-analyze /home/pei/Project/benchmarks/imdb_job-postgres/queries/33c.sql",0.20214268880000005,0.0015640274203667667,0.20231199960000001,0.18315144,0.018852260000000003,0.19909133810000001,0.20411347410000003
command,mean,stddev,median,user,system,min,max
"../build/aqp_middleware --engine=duckdb     --db=""/home/pei/Project/duckdb_010/measure/imdb.db""     --schema=/home/pei/Project/benchmarks/imdb_job-postgres/schema.sql     --fkeys=/home/pei/Project/benchmarks/imdb_job-postgres/fkeys.sql     --split=relationshipcenter --no-analyze /home/pei/Project/benchmarks/imdb_job-postgres/queries/3a.sql",0.7522845858000002,0.003587550005410589,0.7521074077000001,0.63500504,0.11708589999999999,0.7467240332,0.7589716742000001
command,mean,stddev,median,user,system,min,max
"../build/aqp_middleware --engine=duckdb     --db=""/home/pei/Project/duckdb_010/measure/imdb.db""     --schema=/home/pei/Project/benchmarks/imdb_job-postgres/schema.sql     --fkeys=/home/pei/Project/benchmarks/imdb_job-postgres/fkeys.sql     --split=relationshipcenter --no-analyze /home/pei/Project/benchmarks/imdb_job-postgres/queries/3b.sql",0.48547963217999995,0.008668692841618792,0.48190850638,0.37252354,0.11278488,0.47738159038,0.50729259038
command,mean,stddev,median,user,system,min,max
"../build/aqp_middleware --engine=duckdb     --db=""/home/pei/Project/duckdb_010/measure/imdb.db""     --schema=/home/pei/Project/benchmarks/imdb_job-postgres/schema.sql     --fkeys=/home/pei/Project/benchmarks/imdb_job-postgres/fkeys.sql     --split=relationshipcenter --no-analyze /home/pei/Project/benchmarks/imdb_job-postgres/queries/3c.sql",0.8694113052999999,0.009177480949886787,0.8663826897,0.7420417399999999,0.1271629,0.8590603182,0.8872838782
command,mean,stddev,median,user,system,min,max
"../build/aqp_middleware --engine=duckdb     --db=""/home/pei/Project/duckdb_010/measure/imdb.db""     --schema=/home/pei/Project/benchmarks/imdb_job-postgres/schema.sql     --fkeys=/home/pei/Project/benchmarks/imdb_job-postgres/fkeys.sql     --split=relationshipcenter --no-analyze /home/pei/Project/benchmarks/imdb_job-postgres/queries/4a.sql",0.19233435156000006,0.0006638653060252796,0.19229717096000004,0.17169423999999997,0.020510759999999996,0.19111694696000003,0.19363517296000002
command,mean,stddev,median,user,system,min,max
"../build/aqp_middleware --engine=duckdb     --db=""/home/pei/Project/duckdb_010/measure/imdb.db""     --schema=/home/pei/Project/benchmarks/imdb_job-postgres/schema.sql     --fkeys=/home/pei/Project/benchmarks/imdb_job-postgres/fkeys.sql     --split=relationshipcenter --no-analyze /home/pei/Project/benchmarks/imdb_job-postgres/queries/4b.sql",0.12991063048,0.0057841745235900945,0.12787598688000001,0.11188117999999998,0.01791868,0.12722910788000003,0.14617182588000002
command,mean,stddev,median,user,system,min,max
"../build/aqp_middleware --engine=duckdb     --db=""/home/pei/Project/duckdb_010/measure/imdb.db""     --schema=/home/pei/Project/benchmarks/imdb_job-postgres/schema.sql     --fkeys=/home/pei/Project/benchmarks/imdb_job-postgres/fkeys.sql     --split=relationshipcenter --no-analyze /home/pei/Project/benchmarks/imdb_job-postgres/queries/4c.sql",0.24822567862000003,0.0010309440323018949,0.24812497232000003,0.21978062,0.028328819999999994,0.24633584732000002,0.25036083832
command,mean,stddev,median,user,system,min,max
"../build/aqp_middleware --engine=duckdb     --db=""/home/pei/Project/duckdb_010/measure/imdb.db""     --schema=/home/pei/Project/benchmarks/imdb_job-postgres/schema.sql     --fkeys=/home/pei/Project/benchmarks/imdb_job-postgres/fkeys.sql     --split=relationshipcenter --no-analyze /home/pei/Project/benchmarks/imdb_job-postgres/queries/5a.sql",0.16819787936,0.001304340497836779,0.16831802286,0.14266234,0.025396519999999995,0.16588542436,0.17005884036
command,mean,stddev,median,user,system,min,max
"../build/aqp_middleware --engine=duckdb     --db=""/home/pei/Project/duckdb_010/measure/imdb.db""     --schema=/home/pei/Project/benchmarks/imdb_job-postgres/schema.sql     --fkeys=/home/pei/Project/benchmarks/imdb_job-postgres/fkeys.sql     --split=relationshipcenter --no-analyze /home/pei/Project/benchmarks/imdb_job-postgres/queries/5b.sql",0.11880945992000003,0.0008029786460314207,0.11892246672000001,0.09852242,0.0201666,0.11708011922000001,0.11981948822
command,mean,stddev,median,user,system,min,max
"../build/aqp_middleware --engine=duckdb     --db=""/home/pei/Project/duckdb_010/measure/imdb.db""     --schema=/home/pei/Project/benchmarks/imdb_job-postgres/schema.sql     --fkeys=/home/pei/Project/benchmarks/imdb_job-postgres/fkeys.sql     --split=relationshipcenter --no-analyze /home/pei/Project/benchmarks/imdb_job-postgres/queries/5c.sql",0.8120245304799999,0.00650393688909665,0.81015261458,0.69476706,0.1170855,0.80566828508,0.82384717208
command,mean,stddev,median,user,system,min,max
"../build/aqp_middleware --engine=duckdb     --db=""/home/pei/Project/duckdb_010/measure/imdb.db""     --schema=/home/pei/Project/benchmarks/imdb_job-postgres/schema.sql     --fkeys=/home/pei/Project/benchmarks/imdb_job-postgres/fkeys.sql     --split=relationshipcenter --no-analyze /home/pei/Project/benchmarks/imdb_job-postgres/queries/6a.sql",0.5234584312999999,0.0028052116562266582,0.5225607506000001,0.4672126199999999,0.05609954,0.5207636821,0.5298603931
command,mean,stddev,median,user,system,min,max
"../build/aqp_middleware --engine=duckdb     --db=""/home/pei/Project/duckdb_010/measure/imdb.db""     --schema=/home/pei/Project/benchmarks/imdb_job-postgres/schema.sql     --fkeys=/home/pei/Project/benchmarks/imdb_job-postgres/fkeys.sql     --split=relationshipcenter --no-analyze /home/pei/Project/benchmarks/imdb_job-postgres/queries/6b.sql",0.5062262819000001,0.011344021085228239,0.5032626667,0.4501377000000001,0.05594294,0.4991175567,0.5380030697
command,mean,stddev,median,user,system,min,max
"../build/aqp_middleware --engine=duckdb     --db=""/home/pei/Project/duckdb_010/measure/imdb.db""     --schema=/home/pei/Project/benchmarks/imdb_job-postgres/schema.sql     --fkeys=/home/pei/Project/benchmarks/imdb_job-postgres/fkeys.sql     --split=relationshipcenter --no-analyze /home/pei/Project/benchmarks/imdb_job-postgres/queries/6c.sql",0.32417763020000007,0.00672161649059836,0.3220866832,0.27035971999999997,0.053681,0.31839847070000005,0.34209264770000003
command,mean,stddev,median,user,system,min,max
"../build/aqp_middleware --engine=duckdb     --db=""/home/pei/Project/duckdb_010/measure/imdb.db""     --schema=/home/pei/Project/benchmarks/imdb_job-postgres/schema.sql     --fkeys=/home/pei/Project/benchmarks/imdb_job-postgres/fkeys.sql     --split=relationshipcenter --no-analyze /home/pei/Project/benchmarks/imdb_job-postgres/queries/6d.sql",0.60449523624,0.0028953185060365053,0.60472835474,0.5410228000000001,0.06329132,0.6003963707400001,0.6089457437400001
command,mean,stddev,median,user,system,min,max
"../build/aqp_middleware --engine=duckdb     --db=""/home/pei/Project/duckdb_010/measure/imdb.db""     --schema=/home/pei/Project/benchmarks/imdb_job-postgres/schema.sql     --fkeys=/home/pei/Project/benchmarks/imdb_job-postgres/fkeys.sql     --split=relationshipcenter --no-analyze /home/pei/Project/benchmarks/imdb_job-postgres/queries/6e.sql",0.5390025805800002,0.002698023957339153,0.53948824208,0.48374372,0.05509332,0.5344466155800001,0.5436781325800001
command,mean,stddev,median,user,system,min,max
"../build/aqp_middleware --engine=duckdb     --db=""/home/pei/Project/duckdb_010/measure/imdb.db""     --schema=/home/pei/Project/benchmarks/imdb_job-postgres/schema.sql     --fkeys=/home/pei/Project/benchmarks/imdb_job-postgres/fkeys.sql     --split=relationshipcenter --no-analyze /home/pei/Project/benchmarks/imdb_job-postgres/queries/6f.sql",4.279408022740001,0.018023227354003385,4.28002465214,4.17702218,0.10212711999999999,4.2537423821400004,4.3056442951400005
command,mean,stddev,median,user,system,min,max
"../build/aqp_middleware --engine=duckdb     --db=""/home/pei/Project/duckdb_010/measure/imdb.db""     --schema=/home/pei/Project/benchmarks/imdb_job-postgres/schema.sql     --fkeys=/home/pei/Project/benchmarks/imdb_job-postgres/fkeys.sql     --split=relationshipcenter --no-analyze /home/pei/Project/benchmarks/imdb_job-postgres/queries/7a.sql",0.5778110258600001,0.003942678897168479,0.5777313290600001,0.5187823399999999,0.058885039999999986,0.5728306240600001,0.58343967206
command,mean,stddev,median,user,system,min,max
"../build/aqp_middleware --engine=duckdb     --db=""/home/pei/Project/duckdb_010/measure/imdb.db""     --schema=/home/pei/Project/benchmarks/imdb_job-postgres/schema.sql     --fkeys=/home/pei/Project/benchmarks/imdb_job-postgres/fkeys.sql     --split=relationshipcenter --no-analyze /home/pei/Project/benchmarks/imdb_job-postgres/queries/7b.sql",0.44632577964000014,0.0027551863610994283,0.44645175704000006,0.38112963999999994,0.06503435999999999,0.44257036654000004,0.45047869254000006
command,mean,stddev,median,user,system,min,max
"../build/aqp_middleware --engine=duckdb     --db=""/home/pei/Project/duckdb_010/measure/imdb.db""     --schema=/home/pei/Project/benchmarks/imdb_job-postgres/schema.sql     --fkeys=/home/pei/Project/benchmarks/imdb_job-postgres/fkeys.sql     --split=relationshipcenter --no-analyze /home/pei/Project/benchmarks/imdb_job-postgres/queries/7c.sql",1.08239587572,0.00727850515864402,1.0816588134200003,0.90102332,0.18117956,1.0691193619200001,1.0953442739200001
command,mean,stddev,median,user,system,min,max
"../build/aqp_middleware --engine=duckdb     --db=""/home/pei/Project/duckdb_010/measure/imdb.db""     --schema=/home/pei/Project/benchmarks/imdb_job-postgres/schema.sql     --fkeys=/home/pei/Project/benchmarks/imdb_job-postgres/fkeys.sql     --split=relationshipcenter --no-analyze /home/pei/Project/benchmarks/imdb_job-postgres/queries/8a.sql",0.8773621736200002,0.002705146137714252,0.8773826090200001,0.8053117999999999,0.07189771999999998,0.8726830990200001,0.8822058260200001
command,mean,stddev,median,user,system,min,max
"../build/aqp_middleware --engine=duckdb     --db=""/home/pei/Project/duckdb_010/measure/imdb.db""     --schema=/home/pei/Project/benchmarks/imdb_job-postgres/schema.sql     --fkeys=/home/pei/Project/benchmarks/imdb_job-postgres/fkeys.sql     --split=relationshipcenter --no-analyze /home/pei/Project/benchmarks/imdb_job-postgres/queries/8b.sql",0.7761558762,0.012697679290437356,0.7727448720000001,0.7109538600000002,0.06506442,0.7605170145000001,0.8011040235000001
command,mean,stddev,median,user,system,min,max
"../build/aqp_middleware --engine=duckdb     --db=""/home/pei/Project/duckdb_010/measure/imdb.db""     --schema=/home/pei/Project/benchmarks/imdb_job-postgres/schema.sql     --fkeys=/home/pei/Project/benchmarks/imdb_job-postgres/fkeys.sql     --split=relationshipcenter --no-analyze /home/pei/Project/benchmarks/imdb_job-postgres/queries/8c.sql",0.7427363945200001,0.005050057997646544,0.74214207642,0.6861835799999999,0.05641855999999999,0.73655459292,0.75133617092
command,mean,stddev,median,user,system,min,max
"../build/aqp_middleware --engine=duckdb     --db=""/home/pei/Project/duckdb_010/measure/imdb.db""     --schema=/home/pei/Project/benchmarks/imdb_job-postgres/schema.sql     --fkeys=/home/pei/Project/benchmarks/imdb_job-postgres/fkeys.sql     --split=relationshipcenter --no-analyze /home/pei/Project/benchmarks/imdb_job-postgres/queries/8d.sql",0.5318396987400003,0.0023734399192401347,0.5310848543400001,0.48676242,0.04488439999999999,0.5288306098400001,0.5371565508400001
command,mean,stddev,median,user,system,min,max
"../build/aqp_middleware --engine=duckdb     --db=""/home/pei/Project/duckdb_010/measure/imdb.db""     --schema=/home/pei/Project/benchmarks/imdb_job-postgres/schema.sql     --fkeys=/home/pei/Project/benchmarks/imdb_job-postgres/fkeys.sql     --split=relationshipcenter --no-analyze /home/pei/Project/benchmarks/imdb_job-postgres/queries/9a.sql",0.83822296804,0.005209235765403808,0.8385903195400001,0.77377136,0.06424404,0.83088775354,0.84772877154
command,mean,stddev,median,user,system,min,max
"../build/aqp_middleware --engine=duckdb     --db=""/home/pei/Project/duckdb_010/measure/imdb.db""     --schema=/home/pei/Project/benchmarks/imdb_job-postgres/schema.sql     --fkeys=/home/pei/Project/benchmarks/imdb_job-postgres/fkeys.sql     --split=relationshipcenter --no-analyze /home/pei/Project/benchmarks/imdb_job-postgres/queries/9b.sql",0.9297448545600002,0.009195390701651112,0.9261295415600002,0.84314892,0.08639514000000001,0.92062791706,0.9470819070600001
command,mean,stddev,median,user,system,min,max
"../build/aqp_middleware --engine=duckdb     --db=""/home/pei/Project/duckdb_010/measure/imdb.db""     --schema=/home/pei/Project/benchmarks/imdb_job-postgres/schema.sql     --fkeys=/home/pei/Project/benchmarks/imdb_job-postgres/fkeys.sql     --split=relationshipcenter --no-analyze /home/pei/Project/benchmarks/imdb_job-postgres/queries/9c.sql",0.6019780034,0.0028815960883419338,0.6024396292,0.55457172,0.04724138,0.5966272792,0.6061364012000001
command,mean,stddev,median,user,system,min,max
"../build/aqp_middleware --engine=duckdb     --db=""/home/pei/Project/duckdb_010/measure/imdb.db""     --schema=/home/pei/Project/benchmarks/imdb_job-postgres/schema.sql     --fkeys=/home/pei/Project/benchmarks/imdb_job-postgres/fkeys.sql     --split=relationshipcenter --no-analyze /home/pei/Project/benchmarks/imdb_job-postgres/queries/9d.sql",0.8446061151800001,0.0037676568272201312,0.8453642428800001,0.78562536,0.05876985999999999,0.8384076123800001,0.85026336038
